<?xml version="1.0" encoding="UTF-8"?>
<project xmlns="http://maven.apache.org/POM/4.0.0"
         xmlns:xsi="http://www.w3.org/2001/XMLSchema-instance"
         xsi:schemaLocation="http://maven.apache.org/POM/4.0.0 http://maven.apache.org/xsd/maven-4.0.0.xsd">
    <modelVersion>4.0.0</modelVersion>
    <groupId>cp317</groupId>
    <artifactId>cellular-automata</artifactId>
    <version>1.0-SNAPSHOT</version>

    <properties>
        <maven.compiler.source>11</maven.compiler.source>
        <maven.compiler.target>11</maven.compiler.target>
        <project.build.sourceEncoding>UTF-8</project.build.sourceEncoding>
    </properties>

    <build>
        <plugins>
            <!-- JAR Builder -->
            <plugin>
                <groupId>org.apache.maven.plugins</groupId>
                <artifactId>maven-shade-plugin</artifactId>
                <version>3.2.4</version>
                <executions>
                    <execution>
                        <phase>package</phase>
                        <goals><goal>shade</goal></goals>
                        <configuration>
                            <transformers>
                                <transformer implementation="org.apache.maven.plugins.shade.resource.ManifestResourceTransformer">
                                    <mainClass>cp317.gui.Main</mainClass>
                                </transformer>
                            </transformers>
                        </configuration>
                    </execution>
                </executions>
            </plugin>

            <!-- Windows EXE Builder -->
            <plugin>
                <groupId>com.akathist.maven.plugins.launch4j</groupId>
                <artifactId>launch4j-maven-plugin</artifactId>
                <version>2.3.2</version>
                <executions>
                    <execution>
                        <id>l4j-gui</id>
                        <phase>package</phase>
                        <goals><goal>launch4j</goal></goals>
                        <configuration>
                            <headerType>gui</headerType>
                            <outfile>target/CellularAutomata.exe</outfile>
                            <jar>target/${project.artifactId}-${project.version}.jar</jar>
                            <errTitle>Cellular Automata Error</errTitle>
                            <classPath>
                                <mainClass>cp317.gui.Main</mainClass>
                            </classPath>
                            <jre>
                                <path>%JAVA_HOME%</path>
                                <minVersion>11</minVersion>
                                <jdkPreference>preferJre</jdkPreference>
                                <runtimeBits>64</runtimeBits>
                                <bundledJre64Bit>true</bundledJre64Bit>
                                <bundledJreAsFallback>true</bundledJreAsFallback>
                            </jre>
                            <versionInfo>
                                <fileVersion>1.0.0.0</fileVersion>
                                <txtFileVersion>1.0</txtFileVersion>
                                <fileDescription>Cellular Automata Simulator</fileDescription>
                                <productName>Cellular Automata</productName>
                                <productVersion>1.0.0.0</productVersion>
                                <internalName>cellular-automata</internalName>
                                <originalFilename>CellularAutomata.exe</originalFilename>
                            </versionInfo>
                        </configuration>
                    </execution>
                </executions>
            </plugin>
        </plugins>
    </build>
</project>